{"cameraMode":{"drawMode":0,"name":"Shaded","section":"Shading Mode"},"sceneLighting":false,"audioPlay":false,"sceneViewState":{"showFog":true,"showMaterialUpdate":false,"showSkybox":false,"showFlares":true,"showImageEffects":true,"showParticleSystems":true},"in2DMode":false,"pivot":{"x":0.0,"y":-0.0054361168295145039,"z":0.4645977020263672},"rotation":{"x":0.18481147289276124,"y":-0.395327091217041,"z":0.08153592050075531,"w":0.8960542678833008},"size":1.947472333908081,"orthographic":true}